<com.t__oster.visicut.model.mapping.MappingSet serialization="custom">
  <unserializable-parents/>
  <linked-list>
    <default/>
    <int>2</int>
    <mapping>
      <a class="filters" serialization="custom">
        <unserializable-parents/>
        <linked-list>
          <default/>
          <int>1</int>
          <filter>
            <inverted>false</inverted>
            <attribute>Color</attribute>
            <value class="awt-color">
              <red>0</red>
              <green>0</green>
              <blue>0</blue>
              <alpha>255</alpha>
            </value>
          </filter>
        </linked-list>
      </a>
      <b class="raster3dProfile">
        <DPI>500.0</DPI>
        <description>Engrave while modulating laserpower according to image darkness</description>
        <name>engrave 3d</name>
        <invertColors>false</invertColors>
        <colorShift>0</colorShift>
      </b>
    </mapping>
    <mapping>
      <a class="filters" serialization="custom">
        <unserializable-parents/>
        <linked-list>
          <default/>
          <int>1</int>
          <filter>
            <inverted>false</inverted>
            <attribute>Stroke Color</attribute>
            <value class="awt-color">
              <red>255</red>
              <green>0</green>
              <blue>0</blue>
              <alpha>255</alpha>
            </value>
          </filter>
        </linked-list>
      </a>
      <b class="vectorProfile">
        <DPI>500.0</DPI>
        <description>Cut through the material</description>
        <name>cut</name>
        <orderStrategy>NEAREST</orderStrategy>
        <useOutline>false</useOutline>
        <isCut>true</isCut>
        <width>0.7</width>
      </b>
    </mapping>
  </linked-list>
  <com.t__oster.visicut.model.mapping.MappingSet>
    <default>
      <description>A new created mapping</description>
      <name>happy2013</name>
    </default>
  </com.t__oster.visicut.model.mapping.MappingSet>
</com.t__oster.visicut.model.mapping.MappingSet>